"Cluster_1","Cluster_2","Cluster_3","Cluster_4","Cluster_5","Cluster_6","Cluster_7","Cluster_8"
"artery","brain","tumor","care","group","case","risk","cells"
"coronary","neural","protein","people","outcomes","old","cancer","expression"
"symptoms","proposed","cell","cancer","clinical","chronic","age","cell"
"right","regions","stress","health","heart","year","women","mice"
"imaging","information","pathway","diabetes","groups","report","men","genes"
"myocardial","functional","cells","trial","safety","examination","individuals","effects"
"without","based","genes","system","accuracy","revealed","years","cancer"
"heart","framework","related","knowledge","compared","presented","factors","activity"
"area","disorder","vivo","outcomes","will","surgical","associated","mechanism"
"assessment","receptor","critical","among","included","surgery","population","glucose"
